<?xml version="1.0" encoding="UTF-8"?>
<project-private xmlns="http://www.netbeans.org/ns/project-private/1">
    <editor-bookmarks xmlns="http://www.netbeans.org/ns/editor-bookmarks/2" lastBookmarkId="0"/>
    <open-files xmlns="http://www.netbeans.org/ns/projectui-open-files/2">
        <group>
            <file>file:/E:/matteo/BDBM/src/com/mycompany/grafica/ExampleInventoryRead.java</file>
            <file>file:/E:/matteo/BDBM/src/com/mycompany/grafica/JFrame2.java</file>
            <file>file:/E:/matteo/BDBM/src/com/mycompany/grafica/GRAFICA.java</file>
            <file>file:/E:/matteo/BDBM/src/com/mycompany/grafica/MENU.java</file>
        </group>
    </open-files>
</project-private>
